[{
  "_id": {
    "$oid": "6029eaeec8c3676a02d66e23"
  },
  "title": "nothing",
  "price": 44,
  "description": "here but an error",
  "createdAt": {
    "$date": "2021-02-15T03:30:54.317Z"
  },
  "updatedAt": {
    "$date": "2021-02-15T03:30:54.317Z"
  },
  "__v": 0
},{
  "_id": {
    "$oid": "6029f02ac8c3676a02d66e24"
  },
  "title": "Green Apples",
  "price": 2.99,
  "description": "Organic Green Apples",
  "createdAt": {
    "$date": "2021-02-15T03:53:14.681Z"
  },
  "updatedAt": {
    "$date": "2021-02-15T03:53:14.681Z"
  },
  "__v": 0
},{
  "_id": {
    "$oid": "6029f051c8c3676a02d66e25"
  },
  "title": "Red Apples",
  "price": 1.99,
  "description": "Organic Red Apples",
  "createdAt": {
    "$date": "2021-02-15T03:53:53.151Z"
  },
  "updatedAt": {
    "$date": "2021-02-15T03:53:53.151Z"
  },
  "__v": 0
},{
  "_id": {
    "$oid": "602aaf93c8c3676a02d66e26"
  },
  "title": "Bananas",
  "price": 1.99,
  "description": "Monkey Food",
  "createdAt": {
    "$date": "2021-02-15T17:29:55.338Z"
  },
  "updatedAt": {
    "$date": "2021-02-15T17:29:55.338Z"
  },
  "__v": 0
}]